{"bin5":23,"bin6":13,"bins":17,"bin3":49,"bin4":27,"bin1":94,"max":76.284,"bin2":78,"frequency":4.482176470588236,"bin10":0,"bin11":0,"min":0.087,"size":300,"mean":10.35791,"bin16":0,"id":0,"bin17":1,"bin9":5,"bin14":0,"bin15":0,"bin7":4,"bin12":1,"bin8":4,"bin13":1}