{"bin5":22,"bin6":13,"bins":17,"bin3":50,"bin4":28,"bin1":91,"max":76.284,"bin2":79,"frequency":4.482176470588236,"bin10":0,"bin11":0,"min":0.087,"size":300,"mean":10.35791,"bin16":0,"id":0,"bin17":0,"bin9":5,"bin14":1,"bin15":0,"bin7":5,"bin12":1,"bin8":4,"bin13":0}