{"bin5":23,"bin6":13,"bins":17,"bin3":49,"bin4":27,"bin1":94,"max":114.426,"bin2":78,"frequency":6.723294117647059,"bin10":0,"bin11":0,"min":0.13,"size":300,"mean":15.536903333333333,"bin16":0,"id":1,"bin17":1,"bin9":5,"bin14":0,"bin15":0,"bin7":4,"bin12":1,"bin8":4,"bin13":1}