{"bin5":22,"bin6":13,"bins":17,"bin3":50,"bin4":28,"bin1":91,"max":114.426,"bin2":79,"frequency":6.723294117647059,"bin10":0,"bin11":0,"min":0.13,"size":300,"mean":15.536903333333333,"bin16":0,"id":1,"bin17":0,"bin9":5,"bin14":1,"bin15":0,"bin7":5,"bin12":1,"bin8":4,"bin13":0}