{"bin5":25,"bin6":18,"bins":17,"bin3":48,"bin4":35,"bin1":74,"max":104.019,"bin2":53,"frequency":6.116941176470588,"bin10":3,"bin11":1,"min":0.031,"size":300,"mean":20.63275666666667,"bin16":0,"id":2,"bin17":3,"bin9":7,"bin14":3,"bin15":0,"bin7":10,"bin12":5,"bin8":12,"bin13":2}