{"bin5":16,"bin6":16,"bins":17,"bin3":34,"bin4":30,"bin1":96,"max":29.375,"bin2":76,"frequency":1.7275294117647058,"bin10":4,"bin11":3,"min":0.007,"size":300,"mean":4.604416666666666,"bin16":1,"id":3,"bin17":1,"bin9":6,"bin14":2,"bin15":0,"bin7":8,"bin12":0,"bin8":6,"bin13":1}