{"bin5":22,"bin6":8,"bins":17,"bin3":44,"bin4":31,"bin1":84,"max":59.078,"bin2":63,"frequency":3.469823529411765,"bin10":4,"bin11":5,"min":0.091,"size":300,"mean":11.092606666666667,"bin16":1,"id":4,"bin17":0,"bin9":6,"bin14":2,"bin15":4,"bin7":6,"bin12":5,"bin8":11,"bin13":3}