{"bin5":15,"bin6":21,"bins":17,"bin3":42,"bin4":25,"bin1":79,"max":51.418,"bin2":79,"frequency":3.018588235294118,"bin10":5,"bin11":3,"min":0.102,"size":300,"mean":8.79558,"bin16":0,"id":5,"bin17":1,"bin9":2,"bin14":1,"bin15":1,"bin7":11,"bin12":4,"bin8":11,"bin13":0}